sucursal_id,sucursal,dirección,telefono,estado
C-72pY,AGS-SVu,Privada Norte Zelaya 134 328,+41(7)6995893084,AGS
C-41tT,SON-aHW,Callejon Gutierrez 258 636,(553)445-2016x733,SON
C-59hj,SLP-lxZ,Cerrada Sur Sanabria 605 805,(140)904-7730x56861,SLP
C-16ZQ,COL-ojJ,"Ampliacion Uruguay 419 Edif. 244 , Depto. 201",313-670-0643x191,COL
C-98qg,VER-Bun,Andador Tamaulipas 688 990,+03(4)3041369348,VER
C-57zL,SLP-TaV,"Retorno Jasso 468 Edif. 276 , Depto. 649",045-255-7578,SLP
C-62WT,ZAC-Xws,Prolongacion Republica de Moldova 260 Interior 072,837.796.2618,ZAC
C-08xq,QRO-kBv,"Pasaje Anguiano 150 Edif. 561 , Depto. 921",(861)662-6165x962,QRO
C-53yG,SON-mgm,Peatonal Ocasio 687 Interior 627,1-429-832-1627,SON
C-23tV,SIN-jkO,Calzada Burkina Faso 457 281,1-936-662-9896x123,SIN
C-76yb,MOR-kAT,"Boulevard Polonia 478 Edif. 694 , Depto. 248",604-809-8430x781,MOR
C-99Kx,BCS-XHT,Cerrada Tailandia 540 Interior 398,(139)526-5144,BCS
C-51Iu,BC-LIs,Boulevard Norte Rojo 026 210,668.059.8898,BC
C-62Ed,JAL-OyL,Eje vial Uganda 077 Interior 108,1-525-575-2662x0650,JAL
C-98PR,YUC-OJC,Calle Palomino 593 050,08858508645,YUC
C-96gU,CHIS-kwM,"Boulevard Norte Carrillo 142 Edif. 862 , Depto. 634",(184)980-6613,CHIS
C-25fj,MICH-FvX,Pasaje Nuevo Leon 001 Interior 749,(691)533-6465,MICH
C-95dC,TLAX-Plu,"Continuacion Sonora 544 Edif. 787 , Depto. 956",00043398221,TLAX
C-78vA,SLP-wxE,Corredor Baja California Sur 008 Interior 538,(826)626-4223x29369,SLP
C-88aW,CHIS-rEA,"Callejon China 055 Edif. 441 , Depto. 051",+03(2)3614982608,CHIS
C-32Ea,DGO-vvR,"Viaducto Veracruz de Ignacio de la Llave 558 Edif. 089 , Depto. 833",226-009-6473x066,DGO
C-70yn,TAB-AUb,"Calle Sri Lanka 111 Edif. 510 , Depto. 182",(273)335-9514,TAB
C-98Fh,CHIH-hzp,Circuito Namibia 379 Interior 760,589-413-0429,CHIH
C-94lm,Q. ROO-scf,"Ampliacion Briseño 032 Edif. 905 , Depto. 201",1-518-288-5300x4770,Q. ROO
C-06Ix,TAB-WOl,Periferico España 281 Interior 172,+92(3)4437954216,TAB
C-08WF,MEX-Xdc,"Prolongacion Salcido 597 Edif. 553 , Depto. 003",1-538-755-2292,MEX
C-95ny,Q. ROO-BWx,Ampliacion Aguascalientes 698 688,(334)319-0774,Q. ROO
C-64AB,TAMPS-wfH,"Circuito Colima 697 Edif. 588 , Depto. 848",(931)714-7225x459,TAMPS
C-49mo,SON-joh,Retorno Bonilla 274 092,(219)449-9731x916,SON
C-14jI,HGO-Apn,"Prolongacion Sur Gaitan 196 Edif. 961 , Depto. 581",022-106-7685x923,HGO
C-19Ry,YUC-LWv,Prolongacion Madera 021 Interior 049,(519)831-7773x0834,YUC
C-53vz,CHIH-mkH,Eje vial Renteria 202 818,795-740-3965x49487,CHIH
C-83BB,MOR-UYS,"Calzada Chiapas 372 Edif. 033 , Depto. 683",(106)672-9962x922,MOR
C-11dG,NAY-Jmd,"Prolongacion Laboy 042 Edif. 469 , Depto. 404",727.068.7145,NAY
C-07tJ,BC-lhn,"Calle India 960 Edif. 247 , Depto. 076",409-435-9888x2862,BC
C-97Uv,SLP-NJI,"Prolongacion San Luis Potosi 529 Edif. 919 , Depto. 060",1-938-664-6395x709,SLP
C-74ga,TLAX-XIz,Ampliacion Sonora 865 097,1-188-049-1870,TLAX
C-88oo,SLP-CId,Circuito Ochoa 683 Interior 403,(757)365-1309,SLP
C-07oY,CHIS-vYk,Circuito Norte Alcala 376 797,+61(7)9156222563,CHIS
C-16tQ,TAB-ZnO,"Boulevard Arabia Saudita 579 Edif. 350 , Depto. 422",(940)340-4941x91668,TAB
C-75LU,NAY-SgL,Prolongacion Aguascalientes 868 362,(291)975-8894x200,NAY
C-99zA,PUE-VqW,Prolongacion Chihuahua 633 Interior 509,583.935.2861,PUE
C-67mz,ZAC-ASM,Callejon Varela 196 Interior 932,579-027-8515x309,ZAC
C-40Bq,SLP-IeW,Privada Soliz 861 678,350.868.7889x96303,SLP
C-04sH,SIN-DvA,Eje vial Renteria 730 Interior 946,(361)567-8067x3028,SIN
C-89WI,MICH-HnF,"Cerrada Sur Espinosa 835 Edif. 387 , Depto. 854",214-844-6177x96599,MICH
C-81PX,SON-Nqh,Circuito Solorio 137 263,745.272.4209,SON
C-46TI,DF-cHy,Calzada Meza 665 Interior 437,1-495-290-0420,DF
C-16Kl,GTO-LYF,Calzada Nayarit 538 239,+36(0)4977557781,GTO
C-49gq,BCS-QRh,Prolongacion Barragan 578 Interior 574,1-950-660-2799x348,BCS
C-94mE,Q. ROO-wSN,Callejon Sur Tirado 719 Interior 349,(316)937-9839x404,Q. ROO
C-66wt,AGS-oqz,Corredor Abrego 750 881,+46(7)6872109965,AGS
C-38Zr,SLP-YGu,Andador Monaco 353 Interior 759,059.754.9479x588,SLP
C-11Ji,MOR-KUE,Avenida Dueñas 523 846,1-814-708-5228,MOR
C-73pS,TAB-blk,Ampliacion Ureña 600 Interior 023,1-048-760-8195,TAB
C-93kN,MICH-eeO,"Andador San Luis Potosi 262 Edif. 337 , Depto. 848",078.684.6394x916,MICH
C-40Od,CHIS-bgj,"Callejon Campeche 382 Edif. 705 , Depto. 473",856.957.1391x70341,CHIS
C-65Hz,NL-Kxg,Cerrada Salinas 693 345,+51(0)5283540383,NL
C-97hJ,VER-rVO,Prolongacion Michoacan de Ocampo 756 727,(135)855-9658x8188,VER
C-42xU,MICH-WFO,Avenida Durango 148 Interior 007,00580688407,MICH
C-31OI,AGS-mvx,Viaducto Lesotho 719 795,+24(2)8339623597,AGS
C-02xA,CHIH-QhL,Pasaje Puebla 507 548,416-181-9213,CHIH
C-23LA,OAX-tUa,Calzada Reyes 012 Interior 859,(429)805-5424x285,OAX
C-23PF,BC-CkU,Ampliacion Norte Benavides 611 364,472-634-6830,BC
C-17xn,SON-Bcf,Periferico Eslovenia 737 Interior 135,567-382-8166x49578,SON
C-83rQ,SLP-xnZ,Retorno Distrito Federal 431 068,962.824.0387,SLP
C-06fJ,MICH-oUy,Callejon Jordania 252 685,562.762.7529,MICH
C-00Cq,MICH-haM,"Cerrada Sur Cedillo 934 Edif. 806 , Depto. 088",763-159-5393x87110,MICH
C-28Ju,YUC-BWD,"Circunvalacion Lebron 728 Edif. 299 , Depto. 548",875-789-7276x916,YUC
C-92MW,BC-mPn,Viaducto Republica Checa 852 Interior 396,(653)869-1354x98603,BC
C-07vt,Q. ROO-OjB,Privada Sur Echeverria 907 Interior 349,(423)163-1643x48986,Q. ROO
C-20EG,TAMPS-fCk,"Eje vial Sur Tijerina 045 Edif. 551 , Depto. 345",229-324-7672,TAMPS
C-05dv,CHIS-nNW,Circunvalacion Trinidad y Tabago 389 010,(079)224-4358,CHIS
C-19wc,QRO-Mfb,Circuito Yucatan 284 711,1-542-451-4556x022,QRO
C-96cs,CAMP-Avn,Viaducto Jalisco 735 600,673.535.4946,CAMP
C-42hJ,TAMPS-bzt,Privada Villagomez 259 599,067.127.0383x8275,TAMPS
C-14MQ,GRO-ERg,"Calle Norte Santillan 598 Edif. 612 , Depto. 573",(780)902-6289x626,GRO
C-14oj,JAL-TDl,Andador Vanuatu 040 805,(378)315-4332x1659,JAL
C-74sj,CAMP-VPU,Eje vial Nieto 064 Interior 623,1-012-847-9574x139,CAMP
C-98yy,QRO-rQz,Pasaje Norte Loera 430 205,823-863-0113x106,QRO
C-49XM,DF-iWi,Peatonal Tlaxcala 752 Interior 435,073-296-1809x1145,DF
C-85If,TAB-gNk,"Calzada San Luis Potosi 196 Edif. 017 , Depto. 972",(149)402-5854x973,TAB
C-97Km,ZAC-eer,"Corredor Sur Caban 572 Edif. 589 , Depto. 372",1-313-672-7400,ZAC
C-32pX,PUE-Qom,Peatonal Tabasco 436 121,510-026-4638x711,PUE
C-82hw,MICH-KOt,Andador Libano 472 641,942.226.0649x1658,MICH
C-80sl,BCS-XGa,Prolongacion Zacatecas 018 Interior 489,1-047-723-0705x7211,BCS
C-26id,TAB-ApP,"Callejon Colima 029 Edif. 294 , Depto. 382",300-619-8533,TAB
C-08bs,CHIH-uKw,"Continuacion Republica Dominicana 344 Edif. 570 , Depto. 984",583.069.0249,CHIH
C-70Yt,COAH-hpF,Retorno Ocampo 567 617,888-108-4071,COAH
C-51Ri,CAMP-ncl,Prolongacion Norte Reyes 589 399,1-778-300-8036,CAMP
C-02cT,GRO-sUx,Peatonal Miramontes 993 Interior 855,529-107-0513,GRO
C-22MK,CHIS-JhY,"Calle Nayarit 405 Edif. 675 , Depto. 228",263-318-9927x8412,CHIS
C-90jt,ZAC-plY,Cerrada Torres 870 Interior 901,005.307.0834,ZAC
C-25to,TLAX-aaK,Continuacion Norte Pedroza 401 Interior 057,723-112-4601x87489,TLAX
C-94oV,CHIH-QWk,"Callejon Cardona 198 Edif. 487 , Depto. 602",937.699.6439,CHIH
C-80PW,SON-yjO,Cerrada Bernal 562 211,051.716.8131x588,SON
C-46Qt,MOR-SZi,"Continuacion Sur Menchaca 563 Edif. 125 , Depto. 289",(051)688-0628x17354,MOR
C-07yc,BC-yMd,Periferico Morelos 413 Interior 617,527.415.7838x14317,BC
C-00tY,HGO-UTh,"Peatonal Chihuahua 425 Edif. 010 , Depto. 739",1-630-337-7589,HGO
C-25pE,CAMP-QRN,Viaducto Anaya 078 Interior 868,401-819-6084x0030,CAMP
C-50PO,MOR-FNQ,Retorno Baja California 468 Interior 776,(883)475-5929x530,MOR
C-19bw,DGO-xIU,Viaducto Norte Ramos 081 Interior 609,(545)600-4247x5393,DGO
C-99ca,Q. ROO-IjP,Privada Sur Correa 960 Interior 360,335-718-9828x4775,Q. ROO
C-46RQ,Q. ROO-iSK,Continuacion Chihuahua 224 Interior 946,(336)529-0089,Q. ROO
C-00yI,TAMPS-XZp,Ampliacion Peres 758 847,(469)015-7267x11310,TAMPS
C-81jg,BCS-phh,"Avenida Ecuador 499 Edif. 792 , Depto. 994",(305)937-5177,BCS
C-50Hm,COAH-nVE,Pasaje Saucedo 013 160,543-015-3349,COAH
C-69Sw,MEX-ohM,Retorno Tlaxcala 573 Interior 556,026.757.4181x5289,MEX
C-05Aw,DF-TpT,Viaducto Sur Prieto 894 209,(770)962-8610x0132,DF
C-98Sv,NAY-CUQ,Continuacion Queretaro 451 068,(779)391-7147x9396,NAY
C-85zK,NAY-chv,Andador Belice 388 877,151-537-1117x2741,NAY
C-72MG,MOR-GiS,Andador Arellano 473 Interior 789,1-563-689-2193,MOR
C-64ns,DGO-krw,"Corredor Tayikistan 861 Edif. 356 , Depto. 226",920-504-7592,DGO
C-93QY,COAH-Sdm,Retorno Norte Orozco 111 Interior 313,(337)303-2062x085,COAH
C-61xB,AGS-AAw,Eje vial San Luis Potosi 651 Interior 888,09861314144,AGS
C-37Li,NAY-aKY,Viaducto Chiapas 413 435,1-439-188-7752x6166,NAY
C-10Xp,TLAX-uIs,Ampliacion Sur Vanegas 355 327,084.004.8216x865,TLAX
C-63pq,COL-PrB,Callejon Republica Unida de Tanzania 445 642,05732778341,COL
C-05Su,MEX-blS,Privada Tlaxcala 514 194,02899072773,MEX
C-29UU,MICH-ZNl,"Prolongacion Cervantez 376 Edif. 597 , Depto. 189",513-710-7027x3126,MICH
